sample_id,Drug_ID,y_true,gine_prediction,xgboost_prediction,gine_absolute_error,xgboost_absolute_error,gine_seed_standard_deviation,nearest_train_similarity,molecular_weight,in_druglike_scope,scaffold_status,smiles
AQSOL_01523,"1,4-xylene 4-(methoxycarbonyl)benzoic acid 4-methylbenzoic acid benzoic acid 1,2,4-trimethyl benzene-1,2,4-tricarboxylate 1,2-dimethyl 4-methylbenzene-1,2-dicarboxylate 1,2-dimethyl benzene-1,2-dicarboxylate 1,3-dimethyl benzene-1,3-dicarboxylate 1,4-dimethyl 2-[4-(methoxycarbonyl)phenyl]benzene-1,4-dicarboxylate 1,4-dimethyl benzene-1,4-dicarboxylate 1-[4-(methoxycarbonyl)phenyl]methyl 4-methyl benzene-1,4-dicarboxylate 1-methyl 4-(4-methylphenyl)methyl benzene-1,4-dicarboxylate 2,6-dimethyl 9-oxo-9H-fluorene-2,6-dicarboxylate [4-(methoxycarbonyl)phenyl]methyl 4-methylbenzoate methyl 1-methyl-6-oxo-6H-benzo[c]chromene-4-carboxylate methyl 2-[4-(methoxycarbonyl)phenyl]-4-methylbenzoate methyl 2-[4-(methoxycarbonyl)phenyl]benzoate methyl 3-[4-(methoxycarbonyl)phenyl]benzoate methyl 4-(dimethoxymethyl)benzoate methyl 4-(hydroxymethyl)benzoate methyl 4-[4-(methoxycarbonyl)phenyl]benzoate methyl 4-formylbenzoate methyl 4-methylbenzoate methyl benzoate",-6.731678009033203,-30.24005953470866,-6.6273465,23.508381525675457,0.1043315090332033,4.57198012441858,0.2162162162162162,5299.456,False,unseen_cyclic_scaffold,COC(=O)c1ccc(-c2cc(C(=O)OC)ccc2C(=O)OC)cc1.COC(=O)c1ccc(-c2cc(C)ccc2C(=O)OC)cc1.COC(=O)c1ccc(-c2ccc(C(=O)OC)cc2)cc1.COC(=O)c1ccc(-c2cccc(C(=O)OC)c2)cc1.COC(=O)c1ccc(-c2ccccc2C(=O)OC)cc1.COC(=O)c1ccc(C(=O)O)cc1.COC(=O)c1ccc(C(=O)OC)c(C(=O)OC)c1.COC(=O)c1ccc(C(=O)OC)cc1.COC(=O)c1ccc(C(=O)OCc2ccc(C)cc2)cc1.COC(=O)c1ccc(C(OC)OC)cc1.COC(=O)c1ccc(C)c2c1oc(=O)c1ccccc12.COC(=O)c1ccc(C)cc1.COC(=O)c1ccc(C)cc1C(=O)OC.COC(=O)c1ccc(C=O)cc1.COC(=O)c1ccc(CO)cc1.COC(=O)c1ccc(COC(=O)c2ccc(C(=O)OC)cc2)cc1.COC(=O)c1ccc(COC(=O)c2ccc(C)cc2)cc1.COC(=O)c1ccc2c(c1)C(=O)c1ccc(C(=O)OC)cc1-2.COC(=O)c1cccc(C(=O)OC)c1.COC(=O)c1ccccc1.COC(=O)c1ccccc1C(=O)OC.Cc1ccc(C(=O)O)cc1.Cc1ccc(C)cc1.O=C(O)c1ccccc1
AQSOL_01920,hexasodium; dioxido-dioxotungsten; trioxotungsten,-0.4724611043930053,-18.022497177124023,-1.3798475,17.550036072731018,0.9073863956069944,10.688398894113313,0.2307692307692307,2967.981,False,acyclic,O=[W](=O)([O-])[O-].O=[W](=O)([O-])[O-].O=[W](=O)([O-])[O-].O=[W](=O)=O.O=[W](=O)=O.O=[W](=O)=O.O=[W](=O)=O.O=[W](=O)=O.O=[W](=O)=O.O=[W](=O)=O.O=[W](=O)=O.O=[W](=O)=O.[Na+].[Na+].[Na+].[Na+].[Na+].[Na+]
AQSOL_00162,barium(+2) cation; iron(+3) cation; oxygen(-2) anion,-8.74485969543457,-20.657210032145183,-4.990118,11.912350336710611,3.7547416954345705,2.2898367898041574,0.6666666666666666,1111.449,False,acyclic,[Ba+2].[Fe+3].[Fe+3].[Fe+3].[Fe+3].[Fe+3].[Fe+3].[Fe+3].[Fe+3].[Fe+3].[Fe+3].[Fe+3].[Fe+3].[O-2].[O-2].[O-2].[O-2].[O-2].[O-2].[O-2].[O-2].[O-2].[O-2].[O-2].[O-2].[O-2].[O-2].[O-2].[O-2].[O-2].[O-2].[O-2]
AQSOL_03492,"2-[(E)-2-(2-chloro-4-{3-chloro-4-[(E)-2-{1-[(2,4-dimethylphenyl)carbamoyl]-2-oxopropyl}diazen-1-yl]phenyl}phenyl)diazen-1-yl]-N-(2,4-dimethylphenyl)-3-oxobutanamide; N-(4-chloro-2,5-dimethoxyphenyl)-2-[(E)-2-(2-chloro-4-{3-chloro-4-[(E)-2-{1-[(2,4-dimethylphenyl)carbamoyl]-2-oxopropyl}diazen-1-yl]phenyl}phenyl)diazen-1-yl]-3-oxobutanamide; N-(4-chloro-2,5-dimethoxyphenyl)-2-[(E)-2-(2-chloro-4-{3-chloro-4-[(E)-2-{1-[(4-chloro-2,5-dimethoxyphenyl)carbamoyl]-2-oxopropyl}diazen-1-yl]phenyl}phenyl)diazen-1-yl]-3-oxobutanamide",-9.052340507507324,-18.35587469736735,-7.98977,9.303534189860027,1.0625705075073242,2.6225053011882093,0.8392857142857143,2256.165,False,seen_cyclic_scaffold,CC(=O)C(N=Nc1ccc(-c2ccc(N=NC(C(C)=O)C(=O)Nc3ccc(C)cc3C)c(Cl)c2)cc1Cl)C(=O)Nc1ccc(C)cc1C.COc1cc(NC(=O)C(N=Nc2ccc(-c3ccc(N=NC(C(C)=O)C(=O)Nc4cc(OC)c(Cl)cc4OC)c(Cl)c3)cc2Cl)C(C)=O)c(OC)cc1Cl.COc1cc(NC(=O)C(N=Nc2ccc(-c3ccc(N=NC(C(C)=O)C(=O)Nc4ccc(C)cc4C)c(Cl)c3)cc2Cl)C(C)=O)c(OC)cc1Cl
AQSOL_03385,chromium,-10.017000198364258,-0.8797112305959066,-4.7825723,9.13728896776835,5.234427898364258,0.600766565471323,0.5,51.996,False,acyclic,[Cr]
AQSOL_03643,sodium 4-hydroxybenzene-1-sulfonate,-8.363189697265625,0.2263570626576741,-0.035903454,8.5895467599233,8.327286243265625,0.2571577795000941,0.5909090909090909,196.159,False,seen_cyclic_scaffold,O=S(=O)([O-])c1ccc(O)cc1.[Na+]
AQSOL_01512,hexanal; pentanal; propanedial,-5.412221908569336,2.97002641359965,-3.3967602,8.382248322168985,2.015461708569336,0.3824078023529489,0.75,258.358,False,acyclic,CCCCC=O.CCCCCC=O.O=CCC=O
AQSOL_03186,aluminium trititanium dodecachloride,-0.1112894043326377,-8.350439389546713,-3.3543756,8.239149985214075,3.2430861956673622,0.4114494875112586,0.6666666666666666,323.02,False,acyclic,[Al+3].[Cl-].[Cl-].[Cl-].[Cl-].[Cl-].[Cl-].[Cl-].[Ti+4]
AQSOL_01689,"titanium(4+) ion bis(2,6-difluoro-3-(1H-pyrrol-1-yl)benzen-1-ide) bis(cyclopenta-2,4-dien-1-ide)",-8.125789642333984,-0.4250875314076741,-7.9972486,7.7007021109263105,0.1285410423339845,1.2095419311964422,0.238095238095238,534.379,False,unseen_cyclic_scaffold,Fc1ccc(-n2c[c-]cc2)c(F)c1.Fc1ccc(-n2c[c-]cc2)c(F)c1.[Ti+4].c1cc[cH-]c1.c1cc[cH-]c1
AQSOL_05548,Dibenzo-18-crown-6,-4.69350004196167,2.963186820348104,-3.938148,7.656686862309774,0.7553520419616699,0.7466379570831332,0.4,360.406,True,unseen_cyclic_scaffold,c1ccc2c(c1)OCCOCCOc1ccccc1OCCOCCO2
AQSOL_01673,"1H-Pyrazole-3-carboxylic acid, 4,5-dihydro-5-oxo-1-(4-sulfophenyl)-4-[(4-sulfophenyl)azo]-, reaction products with guanidine hydrochloride N,N'-bis(mixed Ph, tolyl and xylyl) derivs.",-7.751246929168701,-0.8505163192749023,-1.1694684,6.900730609893799,6.581778529168702,0.2182850961358863,0.4067796610169492,563.958,False,seen_cyclic_scaffold,N=C(N)N.O=C(O)C1=NN(c2ccc(S(=O)(=O)O)cc2)C(=O)C1N=Nc1ccc(S(=O)(=O)O)cc1.[Cl-].[H+]
AQSOL_00636,titanium(4+) ion zirconium(4+) ion lead(2+) ion pentaoxidandiide,-5.098222255706787,-11.10703150431315,-7.522871,6.008809248606363,2.424648744293213,0.7937513561625722,0.4,426.286,False,acyclic,[O-2].[O-2].[O-2].[O-2].[O-2].[Pb+2].[Ti+4].[Zr+4]
AQSOL_03373,calcium bis(4-[(E)-2-{1-[(2-methylphenyl)carbamoyl]-2-oxopropyl}diazen-1-yl]-3-nitrobenzene-1-sulfonate),-7.739803791046143,-2.160316069920858,-4.9116197,5.579487721125284,2.8281840910461424,1.1747746167189284,0.5362318840579711,878.868,False,unseen_cyclic_scaffold,Cc1ccccc1NC(=O)CC(=O)CN=Nc1ccc(S(=O)(=O)[O-])cc1[N+](=O)[O-].Cc1ccccc1NC(=O)CC(=O)CN=Nc1ccc(S(=O)(=O)[O-])cc1[N+](=O)[O-].[Ca+2]
AQSOL_01624,"Fatty acids, C5-9, hexaesters with dipentaerythritol",-6.830456733703613,-1.362094521522522,-1.1849127,5.468362212181091,5.645544033703613,0.9364567944645664,0.75,338.397,True,acyclic,CCCCC(=O)OCC(CO)(CO)COCC(CO)(CO)CO
AQSOL_03062,disilver(1+) sulfate,-1.5849835872650146,-6.994856516520183,-2.1940384,5.409872929255168,0.6090548127349855,2.230104325662875,0.8571428571428571,313.815,False,acyclic,O=S(=O)(O)O.[Ag+].[Ag+]
AQSOL_00872,"2,2'-(2,5-dichloro-1,4-phenylene)bis(1H-anthra[1,2-d]imidazole-6,11-dione)",-4.524775981903076,-9.715124448140465,-6.170301,5.190348466237387,1.645525018096924,1.0981078516098326,0.3636363636363636,639.454,True,unseen_cyclic_scaffold,O=C1c2ccccc2C(=O)c2c1ccc1[nH]c(-c3cc(Cl)c(-c4nc5c6c(ccc5[nH]4)C(=O)c4ccccc4C6=O)cc3Cl)nc21
AQSOL_00296,RHENIUM,-0.4755079448223114,-5.6298699378967285,-7.1369066,5.154361993074417,6.661398655177688,0.5519083313835857,0.1428571428571428,186.207,False,acyclic,[Re]
AQSOL_00408,"Butanal, reaction products with aniline",-4.502101421356201,0.5640882651011149,-2.171096,5.066189686457316,2.3310054213562013,0.2746937847404143,0.5217391304347826,165.236,False,seen_cyclic_scaffold,CCCC=O.Nc1ccccc1
AQSOL_01859,chromium(3+) ion trichloride,-3.199631690979004,1.8236175378163653,0.38818455,5.023249228795369,3.587816240979004,0.479757961813762,0.3333333333333333,158.355,False,acyclic,[Cl-].[Cl-].[Cl-].[Cr+3]
AQSOL_08345,"3,4'-ace-1,2-benzanthracene",-2.970000028610229,-7.904319127400716,-7.445053,4.934319098790487,4.47505297138977,0.244883067779477,0.5142857142857142,254.332,True,unseen_cyclic_scaffold,c1ccc2cc3c(cc4c5c(cccc53)CC4)cc2c1
