reaction_center_signature,transformation_count,condition_pair_count,represented_experiment_count,reaction_type_count,rankable_transformation_count
8115a6c1565afd45,11,99,108,1,1
4f53cda18c2baa0c,8,132,235,3,5
0e30ee84ab72415b,6,10,16,1,4
aa60785df8bc68f5,5,20,24,1,0
51fa59ddb3b1e588,4,8,8,1,3
3b47d63e4d78f44b,4,6,12,1,2
91699b4499ba84e3,4,6,14,1,1
91828b8150f8ffa4,4,6,12,1,2
dd16101aaa368c15,4,4,4,1,0
c8f8f693405ef152,3,18,48,1,3
36c44d2358caafc2,3,5,8,1,1
c9a30712ae1362e6,3,4,10,1,1
486ce631291d4b2e,2,384,384,1,2
21fe653bc58e8c06,2,148,150,1,0
4bcacd09bba89ede,2,144,292,1,0
86158537b8118c5e,2,129,134,1,1
ccf32dc88940a4d0,2,118,120,1,2
a4c0ea01e2da8f8c,2,96,96,1,0
0f7f85e80beb1d75,2,90,90,1,2
e58cdee16343bfe0,2,90,90,1,2
e41b2a158ce2371a,2,72,84,1,2
b9be168fcb19a494,2,24,24,1,0
1f34fb3b80ace933,2,20,40,1,2
2ae640b844aa19ab,2,7,7,2,1
3fa932bf8271ab77,2,7,7,2,1
51ba32b745bfe4a8,2,6,17,1,1
84efaac7c823d524,2,6,6,2,1
e64f1df97f387282,2,6,6,2,1
2390be40294aeda8,2,4,4,1,1
7ef840fb396ec454,2,4,8,1,2
95a03909f58f1d47,2,4,6,1,0
b9e38b1e4af4da83,2,4,6,1,1
bcaefa61af4ec3db,2,4,4,1,2
0753e59f4fee4919,2,3,6,1,1
1bbdb6f58223804a,2,3,6,1,1
1e1fa58e8e434e23,2,3,6,1,1
23b0ce9cdb41c5e5,2,3,10,1,1
294d9e40cce9d4c5,2,3,6,1,1
44575b168faa521c,2,3,6,1,1
86a0a64ddfdac5b3,2,3,6,1,1
953c492bd23ee8ab,2,3,6,1,1
aceb4aae7e72594c,2,3,6,1,1
b21c81b9a0f98cde,2,3,6,1,1
b964528b4244ab1c,2,3,6,1,1
d361e3f8c7a6cdde,2,3,6,1,1
f3ec35ba78d75d2d,2,3,6,1,1
1162f1ad86c968e9,2,2,12,1,0
a038ae9c45ff9407,2,2,2,1,0
a7d7e46e5e9b3395,2,2,2,1,0
bc68b6a033d66c2e,2,2,2,1,0
c559f46558988325,2,2,12,1,0
d873f5085efaef0b,2,2,2,1,0
ecc9ec8aac49570c,2,2,2,1,0
828c602d9bcc4292,1,751,776,1,1
03a6514f84489c73,1,564,576,1,1
c82f349090de47b5,1,488,504,1,1
3539d26d9cc786b7,1,435,435,1,1
30d62804704349e8,1,432,432,1,1
71f67e3e63bf63b2,1,420,460,1,1
b86e9c0cd8b0e325,1,411,418,1,1
d063b8631cf070e8,1,408,432,1,0
92b948d24b5cc986,1,384,384,1,1
6c3d6558c02b6a0d,1,371,372,1,1
ea7beed97b972ef5,1,370,396,1,1
7252d70cdc1597a0,1,360,360,1,1
acd9f731440aa064,1,360,384,1,0
3978b6a1bd95469a,1,359,359,1,0
a2623007cfe2fec0,1,335,335,1,1
6038d664cdb9a1ba,1,334,502,1,1
70b1306282700c3c,1,324,328,1,1
199e97b3fb494c5c,1,322,337,1,1
7385d4a4db0d24fd,1,313,356,1,1
34cce7e5f0617155,1,308,312,1,1
a8e4a6482804a166,1,300,320,1,0
b46ba2650a31178f,1,283,432,1,1
4bd8250f86ff7286,1,280,288,1,1
bbcd60df2bbd9154,1,268,320,1,1
2826b3be5ab93d0e,1,264,278,1,1
cf9f809c254d19f3,1,264,284,1,1
3548e62918e60f28,1,263,268,1,1
85ebb5450d28fc56,1,242,255,1,1
8bd6ddf505733624,1,240,240,1,1
590d3488c595f45c,1,237,360,1,1
b6884ab6e87c9d0e,1,225,228,1,1
d3f4bf3ef5a47de3,1,224,227,1,1
72b2d37716db446f,1,220,223,1,0
3c1fe3dcd0af700f,1,216,278,1,1
9555adb0f5ea3995,1,216,216,1,0
eef24d68053e5d93,1,216,238,1,1
a2a75f0fd863cb7e,1,215,217,1,1
5081305d2542c6cd,1,214,214,1,0
751843fe81f9a7f2,1,200,237,1,1
b2b390d014288a69,1,199,203,1,1
75003b5496167900,1,197,215,1,1
f5c09b8e82869dc7,1,193,194,1,1
0f836417e1ede1c0,1,192,192,1,1
1bf1e047577a9ce3,1,192,192,1,1
359be8084e54a844,1,192,192,1,1
43aad2739e388917,1,192,192,1,1
4867e7083ad32a2e,1,192,192,1,1
4fe73cc35d19e30f,1,192,192,1,1
5ff907458eb886f6,1,192,384,1,1
63783668b7bf6256,1,192,192,1,1
6575a623da45e8d1,1,192,192,1,1
71c385351c5dd450,1,192,192,1,1
75b6a88de3bc6d43,1,192,192,1,0
96667ab2ce5bf88b,1,192,192,1,1
9897d4b0c3cce9b2,1,192,192,1,1
a5f1031885939bcf,1,192,192,1,0
ac57a6d77ad3f9a2,1,192,192,1,1
b2acbbdf7621a9d7,1,192,192,1,1
b4a5fbdeb267f5be,1,192,192,1,1
b877777460f830ce,1,192,192,1,1
c2047ddf232e8a43,1,192,192,1,1
c60bfee357068cd9,1,192,384,1,1
f0ad4005b2f46b5a,1,192,192,1,1
f570f4fc2864e5e9,1,192,192,1,1
fc22fe008a7a661a,1,192,192,1,1
ef3813fcb0745e9b,1,190,190,1,1
3daee3b89d1dfdcb,1,189,189,1,1
5d772dd692ec043c,1,188,192,1,1
6bfd4c3754fde61f,1,188,192,1,1
9de804203ab27bb3,1,187,192,1,1
d7cc49a0f91fb58d,1,186,186,1,0
64afff1f12511372,1,184,184,1,1
1151f07ae686495f,1,180,180,1,1
3da83a8709d75fbf,1,180,180,1,1
4c10536cccc34662,1,180,180,1,1
69993dc0b87b7236,1,180,180,1,1
6f84a00d0b7f7413,1,180,180,1,1
8b5df9eb3fc86467,1,180,180,1,1
5628418e05bb255f,1,177,180,1,1
41502c1f193d88cf,1,176,176,1,1
84ae4ddef6974a33,1,168,184,1,1
4e1461709abf0d25,1,165,165,1,1
3539718774ae72e4,1,164,164,1,1
62a270f896e5c44b,1,160,192,1,1
4cbe67c00fde7e73,1,150,152,1,1
caefd7cf60b0c1ab,1,149,149,1,1
64378ec82ac16fc7,1,148,150,1,0
496bea0ec52fb25c,1,147,192,1,1
0e7bba1d40ed9f98,1,144,192,1,1
1f17ea1a8feff8fa,1,144,150,1,1
568ec9279c387be3,1,144,192,1,0
838dec83cee81c2c,1,144,192,1,1
9292bc8e8b8b5925,1,144,147,1,1
cc8030dba1160103,1,144,144,1,0
d008e4ee9591370c,1,144,192,1,1
e17adeaa3b76b419,1,144,192,1,1
fa3db7be53364f87,1,144,144,1,0
c1b9db56a5344f15,1,143,145,1,1
84d68724afe4751f,1,141,141,1,1
fca25cdb73a359ca,1,135,143,1,1
4d33913377482010,1,132,264,1,1
bc009825cf6c482c,1,128,130,1,1
ec8292501f73ae7e,1,128,132,1,1
fb658e2e302a8e14,1,123,123,1,1
6461a3572485451e,1,122,122,1,0
3627d3e870b049ac,1,120,120,1,1
722848c84a679e3a,1,120,120,1,1
9a553b7d1c9ad22a,1,120,120,1,1
cc186b5ebdbf7fe8,1,120,120,1,1
525093c3caae5504,1,116,120,1,1
e825564a4d92e26a,1,115,116,1,1
ef861d4cfdcd93b1,1,102,102,1,1
5fcf3e373e0bb27a,1,98,99,1,0
ae0c743b7f5a44a9,1,98,98,1,1
02cca3e753038d30,1,96,96,1,1
095dacaddd1d05ce,1,96,96,1,1
0969d49b3220f25f,1,96,96,1,1
2f5d7f532f5944d9,1,96,96,1,0
31dff9ce6591b8ea,1,96,288,1,1
47ddc7a7845d0064,1,96,96,1,1
48408b1ff60a103a,1,96,96,1,0
645b75447ad4e19b,1,96,96,1,0
76fa00523ea29e78,1,96,96,1,1
79ded37dcd3fae44,1,96,96,1,1
86953485ca1b18e6,1,96,96,1,0
8edbb5ec446fc81d,1,96,96,1,0
94f4a73d9279b13c,1,96,192,1,1
a46c4723dd96a6b3,1,96,96,1,1
cea73b930f4080df,1,96,96,1,1
e554a938a1494e0b,1,96,96,1,1
ffb42a29c4ae3eb1,1,96,96,1,1
813a9b70bf4d1256,1,94,96,1,1
b51860c3f901ebb8,1,94,192,1,0
58ce8c684fdd1ba4,1,93,93,1,1
749c79e1b46f2a56,1,90,92,1,1
2bb948905caf4dc2,1,89,89,1,1
7804a5ac448ca149,1,88,96,1,1
1bd6771109794bd5,1,85,85,1,0
0749afb0d66698fc,1,84,192,1,1
f8d1a324afa7ac08,1,75,82,1,1
3cd08e4be24787f4,1,74,75,1,1
f44168c9b722bb70,1,74,74,1,1
1db47366d415154a,1,73,74,1,1
380c052c301236a6,1,72,77,1,1
faada19059a4139d,1,72,72,1,0
5cd2076563763896,1,70,96,1,0
57ff932a8be52620,1,68,138,1,1
b671d5ec2318d960,1,65,130,1,1
1878e6d59d283f1e,1,64,192,1,0
466ac4a91a1fb00e,1,64,64,1,0
6d95a95ef4961389,1,64,64,1,1
719983e9b56341ec,1,64,64,1,1
9c101d813060909f,1,64,240,1,0
cedace784a16cf61,1,64,96,1,0
30dec27f1e1acda6,1,63,63,1,1
c14917a1062b1b08,1,63,63,1,1
2051bdb8cf7ab31f,1,60,60,1,1
2618f90ae1816eaa,1,60,120,1,1
a3e39c0ccb3a46cd,1,60,120,1,1
af3b1f5de74aea7e,1,60,120,1,1
007e2ca745ba2e45,1,58,58,1,1
1d5fd9c6f14b10ac,1,58,64,1,1
bea46c2cb8730bb2,1,58,58,1,1
f97dad611c0d8f90,1,54,72,1,1
225c16bf4d97a02c,1,52,117,1,1
9f648b12d4c31f40,1,50,50,1,1
000a89c85ba76477,1,48,48,1,1
00c390973bdb93d2,1,48,96,1,0
1dfb18a7f5e8a1d0,1,48,48,1,1
46d7e5d1c6ec8a5d,1,48,48,1,0
56a4e87d2082f2d3,1,48,48,1,1
819332e2d4b2dfdd,1,48,96,1,1
8656bad073a84e5c,1,48,48,1,0
af7b480e5a757ba0,1,48,96,1,1
b25f9102844966a6,1,48,48,1,1
ba8dac172169ad0c,1,48,48,1,0
c0adbeea6d773a86,1,48,48,1,0
d7045c8ff0486907,1,48,48,1,1
f320c2efc5c8f611,1,48,48,1,1
f7b249ad572db051,1,48,48,1,1
f9128cfa7066ff9e,1,48,96,1,1
1e1462204c20a87f,1,43,43,1,1
6e288dcdbbc18e67,1,41,41,1,1
f9380a475f3f59e2,1,41,41,1,1
0536ec40986f0dc2,1,40,384,1,1
5c9ccd95bb821c7d,1,40,40,1,1
d3bee725a430efff,1,40,40,1,1
728f3662926e1549,1,36,108,1,0
7708236bd0fb3b44,1,36,36,1,1
b8fdbfa91a98726f,1,36,36,1,1
fc63e35985f4c1b2,1,36,72,1,1
fbcf39ad0c35c68b,1,35,35,1,1
0c0ab82572de9861,1,32,32,1,1
2acda056fbb31777,1,32,32,1,1
35f21f4102e9e1e8,1,32,32,1,1
4382f9aa27882e69,1,32,96,1,0
602d55255f85d363,1,32,32,1,1
823ca007f8191467,1,32,32,1,0
8a7ca5c3ad220ae4,1,32,144,1,0
8aa1e2a365bd440a,1,32,32,1,1
9c5e1eae02acc09d,1,32,32,1,0
eb347a84284f3a0b,1,32,32,1,1
67a765265e3c4995,1,31,31,1,1
833387a3d35016bc,1,31,31,1,1
4ae192a47ca63ab4,1,30,30,1,1
f6e4dc753d8a6397,1,30,30,1,0
382a4ec63c42157f,1,29,34,1,1
748b0c622d360710,1,29,34,1,1
c80e09f75d399d34,1,29,29,1,1
f84546977a15c019,1,29,29,1,1
1ae530d565581f59,1,27,27,1,1
eec70495d90e9356,1,27,27,1,1
73f3a03c04082ad2,1,26,26,1,1
776af3e5f5d34a20,1,26,26,1,1
b17225119d3954ca,1,26,89,1,1
cec5e2a5b3178899,1,26,26,1,1
d60c8cf0e6adda0b,1,25,25,1,1
07910269bab63b5f,1,24,24,1,1
3270e61fc3e00b69,1,24,48,1,1
33585493debd4f95,1,24,24,1,1
47d42120ea1ad686,1,24,24,1,1
59f90cb791d1c239,1,24,24,1,0
6e4ecacdac565a02,1,24,24,1,1
8a1cea692717cc51,1,24,24,1,1
92fc25fb72dcd6a8,1,24,24,1,1
93e5273250794c34,1,24,24,1,1
ad4305a1e062868e,1,24,44,1,1
b3e91dc2fe4cc3ba,1,24,24,1,1
bcf33d1c249968df,1,24,24,1,1
c0fabb232f13944b,1,24,28,1,1
c167b585c1d38b4e,1,24,24,1,1
cb466ba346dc5387,1,24,24,1,1
d1ab86d00ab46002,1,24,24,1,1
eb62eab2b746fe07,1,24,24,1,1
ec7a4b8a50ece60b,1,24,24,1,1
ed3e601809c6c72d,1,24,24,1,1
3e314dfe0416e03e,1,23,24,1,1
fa888eed10482b84,1,23,23,1,1
bef570f36aee0fa3,1,22,22,1,1
ee67b8d8151334ca,1,22,22,1,1
062aa259cb603ebb,1,21,23,1,1
086ff899a889fa5e,1,20,20,1,1
478de110b5ec6233,1,20,20,1,1
5a71a5f4766dbeb3,1,20,20,1,1
904892c85797cbaf,1,20,20,1,1
ba771ee9fea6d78e,1,20,20,1,1
e8e688b4c0a19b22,1,20,20,1,1
eb295bd8d839a6cf,1,20,20,1,1
f13faa937529bccc,1,20,20,1,1
03d5860ac9130de4,1,19,33,1,1
39ba948f5c2a52c3,1,18,18,1,1
5edd01c8533f535f,1,18,18,1,1
721adc304474836a,1,18,18,1,1
d9a5cceeb88692b8,1,18,18,1,1
59bc1962788c4ed1,1,17,34,1,1
81609962b22b2dea,1,17,17,1,0
fa577c4b9ae96dfb,1,17,17,1,1
2043ce0ab0ffdb1d,1,16,28,1,1
e934842d10849928,1,16,16,1,1
22c952ab1c6368c4,1,15,16,1,1
24b6d7c8d801e46a,1,15,15,1,1
6d23a81cfe691d9a,1,15,15,1,1
d0a4c5803679c357,1,15,15,1,1
a7e9f8ee150e2617,1,14,15,1,1
4ac6cd8c8e2d7a94,1,13,14,1,0
55d4b30c3af9b39b,1,13,13,1,1
0f33cdc2af106c80,1,12,12,1,0
124b16b8e7f965e1,1,12,12,1,0
25beb1aa32e46611,1,12,12,1,1
34da3f5246370678,1,12,14,1,1
51242379a84c23cc,1,12,12,1,0
62b6d3183cccbde4,1,12,12,1,1
6b2db220804b2639,1,12,13,1,1
7dcd2f395f749e8f,1,12,12,1,0
821834d38dd39ee7,1,12,12,1,1
92a5879c981c6f82,1,12,12,1,0
932936d988dcf1e5,1,12,12,1,0
9c5f855138509441,1,12,12,1,1
9de85e3aedb41721,1,12,12,1,0
792af404b289f8c9,1,11,12,1,1
b0113d9a0a40a10d,1,11,12,1,1
e1798abadf4d2579,1,11,13,1,1
f5262e5bcbc29552,1,11,11,1,1
1055d47eb2a645e1,1,10,10,1,1
5f4f844edf6c518e,1,10,10,1,1
7c6408c6488c0506,1,10,10,1,0
b208f7e04c4bf7d6,1,10,10,1,1
c90b2b5d563ba07a,1,10,12,1,1
23983716bef53e33,1,9,9,1,1
66b3f08e3ca35b28,1,9,9,1,1
104610b417ab0b0a,1,8,9,1,1
14a7a4387df3f38d,1,8,8,1,1
9e6782c9f7c3cbae,1,8,8,1,1
c1e0eba11ed68dd3,1,8,8,1,1
2c16c1e805bb5b26,1,7,7,1,1
519c75df9e7aedb6,1,7,7,1,1
55d48c1de9aeeddd,1,7,7,1,1
6df68f19a4d7cede,1,7,7,1,0
de4f0a9f3449a551,1,7,7,1,1
0cf216a3dbc3f5d8,1,6,12,1,1
107ab382da25b8b2,1,6,12,1,1
291742d207c081c2,1,6,12,1,1
412bcee1e3e671e0,1,6,6,1,1
572d0df92583a84a,1,6,12,1,1
5bd1539554b38f0b,1,6,6,1,0
5cdda921b9d09686,1,6,12,1,1
87ca64a4bac65544,1,6,6,1,1
89da7225ff764b79,1,6,6,1,1
b42cbd92dbbeb751,1,6,6,1,1
bcf9906cf47be2d0,1,6,12,1,1
e85b305dad2a26c1,1,6,12,1,1
e971a869c8ba34e3,1,6,6,1,1
f94c7dab3a060e0b,1,6,6,1,1
fec81f44fdb8cfa7,1,6,12,1,1
0647530097fa03a0,1,5,5,1,0
10ab4a3841ce983e,1,5,5,1,1
1b0909e5d9399323,1,5,5,1,1
2d36fce29cc27c2f,1,5,5,1,1
2ee02ab1503b7cf0,1,5,5,1,0
3872d3ada925aaee,1,5,5,1,1
54c7ff7af37bc0d9,1,5,5,1,1
74235018193069a0,1,5,5,1,1
7a9fb35f9e5680a5,1,5,5,1,1
86753da763d705a8,1,5,5,1,1
8e0143935cb68250,1,5,5,1,1
8e8eec33d82fd1b7,1,5,5,1,1
a9aae64be097378d,1,5,5,1,0
ba1e1afb54f93291,1,5,5,1,1
bca03c807e0c2e1b,1,5,5,1,1
d7142974c159958d,1,5,5,1,0
ed915e21f99e5133,1,5,5,1,0
f5b459972d95546f,1,5,7,1,1
f6cfc473c21052a8,1,5,5,1,0
fb44768ad9fde819,1,5,5,1,1
093d20903fd4ab60,1,4,4,1,0
0ae52dc9ddf67fb1,1,4,12,1,0
0e215aa865c81ef4,1,4,4,1,0
1b92fa74e68a874c,1,4,4,1,1
1c93bed6d665b203,1,4,4,1,0
20d0a852d32b2357,1,4,4,1,0
2b2d282ecf2a8de0,1,4,4,1,0
2c4e4c4b61fc3831,1,4,4,1,0
2cb4c9860540f47f,1,4,4,1,1
33c7d0dcf435d9ee,1,4,4,1,1
3dfe4aae20742c64,1,4,4,1,0
4fce03a5e997f473,1,4,4,1,0
5306c105d58cc6ea,1,4,4,1,0
5574580b672e628b,1,4,4,1,0
5afaaa9e1978e209,1,4,4,1,0
5c5dbeeef71f3a2a,1,4,16,1,1
5cc1478642813bb7,1,4,4,1,1
6007207366be8579,1,4,4,1,0
6879975d106d6dc9,1,4,4,1,0
6bfa5053f4b88415,1,4,4,1,0
6bfaef8298f2c074,1,4,4,1,0
7039c7d1ff2ce8ae,1,4,4,1,0
769f49f2233ba36a,1,4,4,1,0
773b5a1c93fdf8f7,1,4,4,1,0
79f86423e5d0a1c5,1,4,4,1,0
86102bc485f970fc,1,4,4,1,0
8b8be7425e83a998,1,4,4,1,0
924dc747ef105335,1,4,5,1,1
a00f389a0aec83f2,1,4,8,1,0
a1ab8e2cceb02e13,1,4,4,1,0
b0a16a6e099edb6d,1,4,4,1,0
ba2ab5b9f58c75e7,1,4,4,1,0
baabcafd3ee59adc,1,4,4,1,0
c943e9e4e30fa172,1,4,4,1,0
d71a21f57cd3c7a4,1,4,4,1,0
ea7921da22406b80,1,4,4,1,0
eef81d26b782e455,1,4,4,1,1
f9ed4eef71caa547,1,4,4,1,0
014e5c1d10282306,1,3,3,1,1
18b03f35698c5475,1,3,3,1,0
1b462f18fd738aba,1,3,3,1,0
1bd1904b27532ab8,1,3,3,1,0
1f42dd273a7ffc85,1,3,3,1,0
2287ad3890b25be7,1,3,3,1,0
23b7c13b796d1670,1,3,3,1,0
2b6a5072248a4bdf,1,3,3,1,1
2cfe2fe8362dc244,1,3,3,1,0
2f7995c4cca573ef,1,3,3,1,1
349ddddc48599b70,1,3,3,1,0
36b43ea15da323ba,1,3,11,1,1
426a04a80f70d884,1,3,3,1,0
4369d934eff57e12,1,3,20,1,1
4b35ec581979b600,1,3,3,1,0
4f820c9c00a7ffdc,1,3,3,1,1
540bf1e16498f79d,1,3,3,1,0
5bfb51f1aa1049a0,1,3,3,1,0
63f154c34ad3e78c,1,3,3,1,0
6ea1b5243a2d2293,1,3,3,1,0
727058f7e41fc4cc,1,3,3,1,0
7aab51c9070cd606,1,3,3,1,1
82fb4a860c1e04dd,1,3,3,1,1
866491567842d900,1,3,3,1,0
8e162ce65d3d788a,1,3,6,1,0
8eabe16d2debfd41,1,3,3,1,0
a1e692e4e70fd5db,1,3,3,1,1
b3b45292c32b9964,1,3,3,1,0
c028937c1c54cef3,1,3,9,1,0
ca0e68727a9bddef,1,3,3,1,0
ca1f7a423a870e9e,1,3,3,1,0
e36aeec1cd3cddc4,1,3,3,1,0
e483b4c6c8f59772,1,3,3,1,0
e762cc58471bfaa4,1,3,3,1,1
f8a6fe0d6724400f,1,3,3,1,0
fd875a64810a7670,1,3,3,1,0
fd9a7eac0684d951,1,3,3,1,0
fef28d138d881ba6,1,3,3,1,0
05d2ad2f904ea1ff,1,2,2,1,1
09bf11f238dad1c2,1,2,4,1,1
0e6136324052e23a,1,2,2,1,1
0e94389b5ab99b59,1,2,2,1,1
1c55a04f4052a4b9,1,2,2,1,1
2744040f0d9caf45,1,2,2,1,1
2fe8c95aee7f08ff,1,2,2,1,1
391386fb73f25363,1,2,4,1,0
43906f1b0989451a,1,2,2,1,1
4440406685fb697d,1,2,2,1,1
5a43acf19bbed5e9,1,2,2,1,0
5c818331cd9c2157,1,2,2,1,1
63462c02abea92f2,1,2,22,1,1
6a0944138883ecd6,1,2,2,1,1
6a0d10a5c32f434f,1,2,2,1,1
7d2bb8f83a6a8841,1,2,2,1,0
862b68420d79d2fd,1,2,2,1,1
8690bdda08ee5e7e,1,2,2,1,1
8d2062965a714202,1,2,2,1,1
918448f1c6c0fad2,1,2,2,1,1
acc095de07e5581d,1,2,2,1,0
b3d1a60c32fe15ec,1,2,2,1,1
b823ff77a975c1f6,1,2,2,1,1
cb627cdb9d0bf85b,1,2,2,1,0
d3abbc1a533fb669,1,2,5,1,1
d74def68636d8408,1,2,2,1,1
e2c2bf467d2b2165,1,2,2,1,1
e5deaab0163d0e74,1,2,2,1,1
e71da9d2b243054e,1,2,2,1,1
e7f413b3e4617a63,1,2,2,1,1
ec459ef1874fe133,1,2,2,1,1
f2f2017a1d9091cb,1,2,2,1,1
f4ccf1b83e9499d1,1,2,2,1,1
fa993d2ff2c0752a,1,2,2,1,1
07ea597a100908b1,1,1,1,1,0
13b06c5a3c537b34,1,1,1,1,0
4711c57c7039f2fe,1,1,17,1,0
476c53f9cbbdbdfc,1,1,2,1,0
6045fb77393676c8,1,1,1,1,0
6e4dc5c80db2a8b6,1,1,1,1,0
734e219094fb1716,1,1,22,1,0
752d8f218140b360,1,1,2,1,0
8a22fa7074973562,1,1,1,1,0
8bdac615b5b9ccb7,1,1,1,1,0
995526f3de739ece,1,1,1,1,0
a11530f5b5ff1672,1,1,1,1,0
a8fe19c66a0630a2,1,1,1,1,0
d3a2270c10beb997,1,1,1,1,0
ec23a56802482d50,1,1,1,1,0
ecfb163133d31fcf,1,1,1,1,0
fb92b2430440d2dc,1,1,1,1,0
